[
{
    "model": "user.user",
    "pk": 1,
    "fields": {
        "password": "pbkdf2_sha256$390000$z1uwEPXCkF0tP6jEP5TBeV$TquwMJQzqZQmVzY1mYHYa2rd4DJX78xvdp+gm96c+Ao=",
        "last_login": null,
        "is_superuser": true,
        "first_name": "",
        "last_name": "",
        "is_staff": true,
        "is_active": true,
        "date_joined": "2024-11-29T11:18:20.974Z",
        "email": "admin@admin.com",
        "groups": [],
        "user_permissions": []
    }
},
{
    "model": "airport.crew",
    "pk": 1,
    "fields": {
        "first_name": "John",
        "last_name": "Doe"
    }
},
{
    "model": "airport.crew",
    "pk": 2,
    "fields": {
        "first_name": "Alexander",
        "last_name": "Petrov"
    }
},
{
    "model": "airport.crew",
    "pk": 3,
    "fields": {
        "first_name": "Anna",
        "last_name": "Shevchenko"
    }
},
{
    "model": "airport.airplanetype",
    "pk": 1,
    "fields": {
        "name": "Passenger"
    }
},
{
    "model": "airport.airplanetype",
    "pk": 2,
    "fields": {
        "name": "Cargo"
    }
},
{
    "model": "airport.airplanetype",
    "pk": 3,
    "fields": {
        "name": "Military"
    }
},
{
    "model": "airport.airplanetype",
    "pk": 4,
    "fields": {
        "name": "Private"
    }
},
{
    "model": "airport.airplanetype",
    "pk": 5,
    "fields": {
        "name": "Rescue"
    }
},
{
    "model": "airport.airplanetype",
    "pk": 6,
    "fields": {
        "name": "Agricultural"
    }
},
{
    "model": "airport.airplanetype",
    "pk": 7,
    "fields": {
        "name": "Reconnaissance"
    }
},
{
    "model": "airport.airplanetype",
    "pk": 8,
    "fields": {
        "name": "Trainer"
    }
},
{
    "model": "airport.order",
    "pk": 1,
    "fields": {
        "created_at": "2024-11-29T11:33:41.079Z",
        "user": 1
    }
},
{
    "model": "airport.order",
    "pk": 2,
    "fields": {
        "created_at": "2024-12-03T12:24:50.861Z",
        "user": 1
    }
},
{
    "model": "airport.order",
    "pk": 3,
    "fields": {
        "created_at": "2024-12-03T12:25:15.452Z",
        "user": 1
    }
},
{
    "model": "airport.order",
    "pk": 4,
    "fields": {
        "created_at": "2024-12-03T12:25:23.413Z",
        "user": 1
    }
},
{
    "model": "airport.order",
    "pk": 5,
    "fields": {
        "created_at": "2024-12-03T12:25:31.031Z",
        "user": 1
    }
},
{
    "model": "airport.order",
    "pk": 6,
    "fields": {
        "created_at": "2024-12-03T12:25:38.333Z",
        "user": 1
    }
},
{
    "model": "airport.order",
    "pk": 7,
    "fields": {
        "created_at": "2024-12-03T12:25:47.255Z",
        "user": 1
    }
},
{
    "model": "airport.order",
    "pk": 8,
    "fields": {
        "created_at": "2024-12-03T12:26:15.717Z",
        "user": 1
    }
},
{
    "model": "airport.order",
    "pk": 9,
    "fields": {
        "created_at": "2024-12-03T12:26:35.904Z",
        "user": 1
    }
},
{
    "model": "airport.order",
    "pk": 10,
    "fields": {
        "created_at": "2024-12-03T12:26:43.219Z",
        "user": 1
    }
},
{
    "model": "airport.airplane",
    "pk": 1,
    "fields": {
        "name": "Boeing 737",
        "rows": 30,
        "seats_in_row": 6,
        "airplane_type": 1
    }
},
{
    "model": "airport.airplane",
    "pk": 2,
    "fields": {
        "name": "Airbus A320",
        "rows": 28,
        "seats_in_row": 6,
        "airplane_type": 1
    }
},
{
    "model": "airport.airplane",
    "pk": 3,
    "fields": {
        "name": "C-130 Hercules",
        "rows": 15,
        "seats_in_row": 4,
        "airplane_type": 2
    }
},
{
    "model": "airport.airplane",
    "pk": 4,
    "fields": {
        "name": "F-16 Fighting Falcon",
        "rows": 1,
        "seats_in_row": 1,
        "airplane_type": 3
    }
},
{
    "model": "airport.airplane",
    "pk": 5,
    "fields": {
        "name": "Gulfstream G650",
        "rows": 10,
        "seats_in_row": 4,
        "airplane_type": 4
    }
},
{
    "model": "airport.airport",
    "pk": 1,
    "fields": {
        "name": "LAX (Los Angeles International Airport)",
        "closest_big_city": "Los Angeles"
    }
},
{
    "model": "airport.airport",
    "pk": 2,
    "fields": {
        "name": "JFK (John F. Kennedy International Airport)",
        "closest_big_city": "New York City"
    }
},
{
    "model": "airport.airport",
    "pk": 3,
    "fields": {
        "name": "ORD (O'Hare International Airport)",
        "closest_big_city": "Chicago"
    }
},
{
    "model": "airport.airport",
    "pk": 4,
    "fields": {
        "name": "ATL (Hartsfield-Jackson Atlanta International Airport)",
        "closest_big_city": "Atlanta"
    }
},
{
    "model": "airport.airport",
    "pk": 5,
    "fields": {
        "name": "DFW (Dallas/Fort Worth International Airport)",
        "closest_big_city": "Dallas-Fort Worth"
    }
},
{
    "model": "airport.route",
    "pk": 3,
    "fields": {
        "source": 1,
        "destination": 2,
        "distance": 3980
    }
},
{
    "model": "airport.route",
    "pk": 4,
    "fields": {
        "source": 3,
        "destination": 1,
        "distance": 1000
    }
},
{
    "model": "airport.route",
    "pk": 5,
    "fields": {
        "source": 5,
        "destination": 2,
        "distance": 1000
    }
},
{
    "model": "airport.route",
    "pk": 6,
    "fields": {
        "source": 5,
        "destination": 3,
        "distance": 1000
    }
},
{
    "model": "airport.route",
    "pk": 7,
    "fields": {
        "source": 2,
        "destination": 5,
        "distance": 1000
    }
},
{
    "model": "airport.route",
    "pk": 8,
    "fields": {
        "source": 1,
        "destination": 4,
        "distance": 1000
    }
},
{
    "model": "airport.route",
    "pk": 9,
    "fields": {
        "source": 4,
        "destination": 1,
        "distance": 100
    }
},
{
    "model": "airport.flight",
    "pk": 5,
    "fields": {
        "route": 3,
        "airplane": 1,
        "departure_time": "2024-12-02T14:34:00Z",
        "arrival_time": "2024-12-03T14:34:00Z"
    }
},
{
    "model": "airport.flight",
    "pk": 6,
    "fields": {
        "route": 3,
        "airplane": 1,
        "departure_time": "2024-12-02T14:35:00Z",
        "arrival_time": "2024-12-03T14:35:00Z"
    }
},
{
    "model": "airport.flight",
    "pk": 7,
    "fields": {
        "route": 3,
        "airplane": 4,
        "departure_time": "2024-12-03T14:55:00Z",
        "arrival_time": "2024-12-03T15:55:00Z"
    }
},
{
    "model": "airport.flight",
    "pk": 8,
    "fields": {
        "route": 3,
        "airplane": 5,
        "departure_time": "2024-12-10T14:56:00Z",
        "arrival_time": "2024-12-11T14:56:00Z"
    }
},
{
    "model": "airport.ticket",
    "pk": 1,
    "fields": {
        "row": 1,
        "seat": 1,
        "flight": 5,
        "order": 2
    }
},
{
    "model": "airport.ticket",
    "pk": 2,
    "fields": {
        "row": 1,
        "seat": 2,
        "flight": 5,
        "order": 3
    }
},
{
    "model": "airport.ticket",
    "pk": 3,
    "fields": {
        "row": 1,
        "seat": 3,
        "flight": 5,
        "order": 4
    }
},
{
    "model": "airport.ticket",
    "pk": 4,
    "fields": {
        "row": 1,
        "seat": 4,
        "flight": 5,
        "order": 5
    }
},
{
    "model": "airport.ticket",
    "pk": 5,
    "fields": {
        "row": 1,
        "seat": 5,
        "flight": 5,
        "order": 6
    }
},
{
    "model": "airport.ticket",
    "pk": 6,
    "fields": {
        "row": 1,
        "seat": 6,
        "flight": 5,
        "order": 7
    }
},
{
    "model": "airport.ticket",
    "pk": 7,
    "fields": {
        "row": 2,
        "seat": 1,
        "flight": 5,
        "order": 8
    }
},
{
    "model": "airport.ticket",
    "pk": 8,
    "fields": {
        "row": 2,
        "seat": 2,
        "flight": 5,
        "order": 9
    }
},
{
    "model": "airport.ticket",
    "pk": 9,
    "fields": {
        "row": 2,
        "seat": 3,
        "flight": 5,
        "order": 10
    }
}
]
